{
  "id": "07f6cf3e-912d-43d7-b11b-41a999fd2f72",
  "features": {
    "duration": 0,
    "pauseRatio": 0.2,
    "f0": 150,
    "wpm": 150,
    "sibilance": 0.1,
    "rhoticity": 0.1,
    "rms": 0.1,
    "spectralCentroid": 1500
  },
  "mappedAccent": "caribbean",
  "accentConfidences": {
    "neutral": 0.25,
    "brit_rp": 0.25,
    "southern_us": 0.1,
    "spanish_en": 0.1,
    "caribbean": 0.3
  },
  "parameters": {
    "rate": 1,
    "pitch": 1,
    "volume": 1,
    "emphasis": 0.5
  },
  "createdAt": "2025-09-26T02:51:35.401Z",
  "originalFilename": "test_audio.wav"
}